<?xml version="1.0"?>
<doc>
    <assembly>
        <name>HidroWebAPI</name>
    </assembly>
    <members>
        <member name="M:HidroWebAPI.Controllers.DadoHidrologicoController.InserirDadoHidrologico(HidroWebAPI.Models.DadoHidrologico.InserirDadoHidrologicoInput,System.Threading.CancellationToken)">
             <summary>
             Inserir Dados Hidrológicos 
             </summary>
             <remarks> Insere os Dados Hidrológicos enviados na request.
              Exemplo de requisição:
            
                 POST 
                       {
                         "Login": "Rafael",
                         "Senha": "Rafael123",
                             "ArrDadoHidrologico": [
                                {
                                     "IdReservatorio": 1, 
                                     "NomePosto": "Posto Pimenta",
                                     "IdTipoDadoHidrologico": 1,
                                     "DataRegistro": "2021-09-02T18:40:20.111Z"
                                     "ValorLeitura": 118.1
                                 },
                                 {
                                     "IdReservatorio": 2, 
                                     "NomePosto": "Posto UHE Ferreira",
                                     "IdTipoDadoHidrologico": 2, 
                                     "DataRegistro": "2021-09-01T15:42:16.566Z"
                                     "ValorLeitura": 94.2
                                 },
                             ]
                         }
                         
             Os Campos IdReservatorio e IdTipoDadoHidrologico são cadastrados previamente e enviados para possível integração com os dados hidrológicos
             </remarks>
             <param name="input"></param>
             <param name="cancellationToken"></param>
             <returns>Retorna uma lista dos Dados Hidrológicos que foram inseridos e uma lista dos Dados que não foram inseridos.</returns>
        </member>
        <member name="M:HidroWebAPI.Controllers.DadoHidrologicoController.InserirDadoHidroInstrumento(HidroWebAPI.Models.DadoHidrologico.InserirDadoHidroInstrumentoInput,System.Threading.CancellationToken)">
             <summary>
             Inserir Dados Hidrológicos do Instrumento
             </summary>
             <remarks> Insere os Dados Hidrológicos do Instrumento enviados na request.
              Exemplo de requisição:
            
                 POST 
                       {
                         "Login": "Amanda",
                         "Senha": "Amanda987",
                             "ArrDadoInstrumento": [
                                {
                                     "IdInstrumento": 1, 
                                     "DataRegistro": "2021-09-02T18:40:20.111Z",
                                     "ValorLeitura": 20,
                                     "IdDirecaoLeituraInstrumento": "100"
                                 },
                                 {
                                     "IdInstrumento": 2, 
                                     "DataRegistro": "2021-08-02T18:40:20.111Z",
                                     "ValorLeitura": 30,
                                     "IdDirecaoLeituraInstrumento": "200"
                                 },
                             ]
                         }
                         
             Os Campos IdInstrumento é cadastrado previamente e enviado para possível integração com os dados hidrológicos
             </remarks>
             <param name="input"></param>
             <param name="cancellationToken"></param>
             <returns>Retorna uma lista dos dados do instrumento que foram inseridos</returns>
        </member>
    </members>
</doc>
